<modification>

	<name>ApiShip oct_fastorder mod</name>
	<code>ApiShip oct_fastorder mod</code>
	<version>1.0 (OpenCart 3.x)</version>
	<author>ApiShip</author>
	<link>https://apiship.ru</link>

  	<file path="catalog/controller/checkout/oct_fastorder.php">
		<operation>
			<search error="skip" ><![CDATA[if (!isset($this->request->post['shipping_method'])) {]]></search>
			<add position="before"><![CDATA[  

			// apiship start
                $this->load->language('extension/shipping/apiship');
                $code = '';
                if (isset($this->request->post['shipping_method'])) $code = $this->request->post['shipping_method'];

                if ((strpos($code, 'apiship')!==false) && (strpos($code, 'error')!==false))
                {
                    $json['error']['warning'] = $this->language->get('shipping_apiship_error_select_point');
                }
			// apiship end

			]]></add>
		</operation>
      	<operation>
			<search error="skip" ><![CDATA[$method_data[$result['code']] = array(]]></search>
			<add position="after"><![CDATA[  

			// apiship start
            'script'      => (isset($quote['script'])) ? $quote['script'] : '',
			// apiship end

			]]></add>
		</operation>

	</file>


    <file path="catalog/view/theme/*/template/checkout/oct_fastorder/shipping_method.tpl">
		<operation error="skip">
			<search><![CDATA[<?php foreach ($shipping_methods as $shipping_method) { ?>]]></search>
			<add position="after"><![CDATA[  
			
			            <!-- apiship start -->
            <?php if (!empty($shipping_method['script'])) {  
	        echo $shipping_method['script'];
			} ?>
            <!-- apiship end -->

			]]></add>
		</operation>
		<operation>
			<search error="skip" ><![CDATA[<?php echo $quote['title']; ?> - <?php echo $quote['text']; ?>]]></search>
			<add position="replace"><![CDATA[  

            <!-- apiship start -->
          <?php if(!empty($quote['apiship_image'])) { ?>
          <img src="<?php echo $quote['apiship_image'];?>" <?php echo (!empty($quote['apiship_image_class'])) ? 'class="' . $quote['apiship_image_class'] . '"' : ''; ?>
          <?php } ?>
            <!-- apiship end -->

          <?php echo $quote['title']; ?> - <?php echo $quote['text']; ?>

            <!-- apiship start -->
          <?php if (!empty($quote['apiship_link'])) { ?>
              <a class="<?php echo $quote['apiship_link_class']; ?>" href="#" onclick="<?php echo $quote['apiship_link']; ?>"> <?php echo $quote['apiship_link_text']; ?> <div id="apiship_loading_<?php echo $quote['code']; ?>" class="apiship_loading" style="visibility:hidden;"></div></a>
	      <?php } ?>
            <!-- apiship end -->

			]]></add>
		</operation>
	</file>
</modification>